Datetime,Water Level (m)
2026-02-01 06:00:00,0.16330725
2026-02-01 07:00:00,-0.37114757
2026-02-01 08:00:00,-0.9779244
2026-02-01 09:00:00,-1.4776484
2026-02-01 10:00:00,-1.7910783
2026-02-01 11:00:00,-1.6892205
2026-02-01 12:00:00,-1.0326482
2026-02-01 13:00:00,-0.210962
2026-02-01 14:00:00,0.51064825
2026-02-01 15:00:00,1.0572551
2026-02-01 16:00:00,1.3055161
2026-02-01 17:00:00,1.2211454
2026-02-01 18:00:00,0.78825533
2026-02-01 19:00:00,0.14380169
2026-02-01 20:00:00,-0.6007087
2026-02-01 21:00:00,-1.2089416
2026-02-01 22:00:00,-1.668261
2026-02-01 23:00:00,-1.9355197
2026-02-02 00:00:00,-1.7430688
2026-02-02 01:00:00,-0.9840408
2026-02-02 02:00:00,-0.13591978
2026-02-02 03:00:00,0.4764532
2026-02-02 04:00:00,0.82983446
2026-02-02 05:00:00,0.88057333
2026-02-02 06:00:00,0.6021928
2026-02-02 07:00:00,0.062662475
2026-02-02 08:00:00,-0.57346094
2026-02-02 09:00:00,-1.1802886
2026-02-02 10:00:00,-1.6369689
2026-02-02 11:00:00,-1.8520222
2026-02-02 12:00:00,-1.5791814
2026-02-02 13:00:00,-0.79984885
2026-02-02 14:00:00,0.029199097
2026-02-02 15:00:00,0.7518283
2026-02-02 16:00:00,1.2313766
2026-02-02 17:00:00,1.3928832
2026-02-02 18:00:00,1.1823069
2026-02-02 19:00:00,0.5937976
2026-02-02 20:00:00,-0.12659445
2026-02-02 21:00:00,-0.8811412
2026-02-02 22:00:00,-1.4351065
2026-02-02 23:00:00,-1.8463447
2026-02-03 00:00:00,-1.9836062
2026-02-03 01:00:00,-1.4052343
2026-02-03 02:00:00,-0.53690135
2026-02-03 03:00:00,0.20489836
2026-02-03 04:00:00,0.7310758
2026-02-03 05:00:00,0.9503786
2026-02-03 06:00:00,0.87162334
2026-02-03 07:00:00,0.46970904
2026-02-03 08:00:00,-0.11721625
2026-02-03 09:00:00,-0.7743728
2026-02-03 10:00:00,-1.3255358
2026-02-03 11:00:00,-1.724798
2026-02-03 12:00:00,-1.8499701
2026-02-03 13:00:00,-1.379374
2026-02-03 14:00:00,-0.5086055
2026-02-03 15:00:00,0.31392866
2026-02-03 16:00:00,0.9909828
2026-02-03 17:00:00,1.3422693
2026-02-03 18:00:00,1.3183804
2026-02-03 19:00:00,0.9057545
2026-02-03 20:00:00,0.25626335
2026-02-03 21:00:00,-0.4888255
2026-02-03 22:00:00,-1.1360192
2026-02-03 23:00:00,-1.6330922
2026-02-04 00:00:00,-1.9463216
2026-02-04 01:00:00,-1.820978
2026-02-04 02:00:00,-1.0589228
2026-02-04 03:00:00,-0.2057233
2026-02-04 04:00:00,0.4432036
2026-02-04 05:00:00,0.8804177
2026-02-04 06:00:00,1.0032192
2026-02-04 07:00:00,0.78413
2026-02-04 08:00:00,0.27618256
2026-02-04 09:00:00,-0.3319612
2026-02-04 10:00:00,-0.9593431
2026-02-04 11:00:00,-1.4578255
2026-02-04 12:00:00,-1.7874919
2026-02-04 13:00:00,-1.7531891
2026-02-04 14:00:00,-1.0639213
2026-02-04 15:00:00,-0.16916789
2026-02-04 16:00:00,0.56198406
2026-02-04 17:00:00,1.079681
2026-02-04 18:00:00,1.2452333
2026-02-04 19:00:00,1.0378684
2026-02-04 20:00:00,0.5176363
2026-02-04 21:00:00,-0.11759434
2026-02-04 22:00:00,-0.818736
2026-02-04 23:00:00,-1.3671085
2026-02-05 00:00:00,-1.7895278
2026-02-05 01:00:00,-1.9398013
2026-02-05 02:00:00,-1.445367
2026-02-05 03:00:00,-0.6327961
2026-02-05 04:00:00,0.08943334
2026-02-05 05:00:00,0.63240093
2026-02-05 06:00:00,0.92629933
2026-02-05 07:00:00,0.89623547
2026-02-05 08:00:00,0.5343562
2026-02-05 09:00:00,-0.0008263333
2026-02-05 10:00:00,-0.60593265
2026-02-05 11:00:00,-1.1537497
2026-02-05 12:00:00,-1.5714989
2026-02-05 13:00:00,-1.7736487
2026-02-05 14:00:00,-1.4530723
2026-02-05 15:00:00,-0.67062175
2026-02-05 16:00:00,0.071179144
2026-02-05 17:00:00,0.67123926
2026-02-05 18:00:00,0.99842227
2026-02-05 19:00:00,0.9856152
2026-02-05 20:00:00,0.6468214
2026-02-05 21:00:00,0.10945046
2026-02-05 22:00:00,-0.51478004
2026-02-05 23:00:00,-1.1082405
2026-02-06 00:00:00,-1.575491
2026-02-06 01:00:00,-1.8593193
2026-02-06 02:00:00,-1.7398129
2026-02-06 03:00:00,-1.0710688
2026-02-06 04:00:00,-0.3058824
2026-02-06 05:00:00,0.2817831
2026-02-06 06:00:00,0.6992259
2026-02-06 07:00:00,0.830731
2026-02-06 08:00:00,0.6692706
2026-02-06 09:00:00,0.2662218
2026-02-06 10:00:00,-0.22523466
2026-02-06 11:00:00,-0.7785969
2026-02-06 12:00:00,-1.234667
2026-02-06 13:00:00,-1.543912
2026-02-06 14:00:00,-1.565934
2026-02-06 15:00:00,-1.0508589
2026-02-06 16:00:00,-0.34512064
2026-02-06 17:00:00,0.25412765
2026-02-06 18:00:00,0.68311036
2026-02-06 19:00:00,0.826182
2026-02-06 20:00:00,0.6764712
2026-02-06 21:00:00,0.2785229
2026-02-06 22:00:00,-0.23961057
2026-02-06 23:00:00,-0.82141215
2026-02-07 00:00:00,-1.2961143
2026-02-07 01:00:00,-1.6399176
2026-02-07 02:00:00,-1.732838
2026-02-07 03:00:00,-1.3380489
2026-02-07 04:00:00,-0.70075744
2026-02-07 05:00:00,-0.11840327
2026-02-07 06:00:00,0.3527049
